user_name	date	count	v1count	blankcount
42429	2010-05-15	545	130	0
42429	2010-05-17	46	6	0
42429	2010-05-18	52	33	0
Abah	2012-05-25	4	4	0
AlkalIn	2013-01-22	38	20	2
AlkalIn	2013-02-25	740	421	1
AlkalIn	2013-05-04	531	185	0
Atangana Jacques Landry	2014-03-31	45	45	0
Aurimas Fišeras	2014-05-23	20	0	0
Aurimas Fišeras	2014-05-24	13	1	0
Coastlines-RJB	2007-01-02	115	115	9
Coyau	2013-06-12	41	40	0
Dave Stanley	2013-01-20	3	2	0
Dave Stanley	2013-01-23	6	4	0
Dave Stanley	2013-05-06	23	13	0
Diana94	2011-09-27	52	52	0
Eckhart Wörner	2014-12-23	44	0	0
Franck_Camidus	2013-02-28	28	2	0
Frank Gyselinck	2012-12-14	1	1	0
FuckOSMFandODbL	2012-07-13	18	3	0
Gagravarr	2007-03-18	1	1	1
GeoCameroun	2013-09-02	13	13	0
GeoCameroun	2013-09-16	9	9	0
GeoCameroun	2013-09-22	6	6	2
GeoCameroun	2013-09-23	16	0	0
Gildas_Clmnt	2014-03-31	94	89	0
Greg Henderson	2011-06-24	1	1	0
Gustry	2013-07-07	169	169	4
HolgerJeromin	2010-12-27	52	46	0
HolgerJeromin	2010-12-28	389	380	5
HolgerJeromin	2010-12-29	11	8	0
HolgerJeromin	2011-01-19	135	96	0
HolgerJeromin	2011-01-20	496	181	5
HolgerJeromin	2011-01-22	7	3	0
HolgerJeromin	2011-01-23	34	22	1
HolgerJeromin	2011-01-24	169	144	4
HolgerJeromin	2011-01-25	2	2	0
HolgerJeromin	2011-01-30	172	34	0
HolgerJeromin	2011-01-31	9	2	0
HolgerJeromin	2011-02-01	178	107	0
HolgerJeromin	2011-02-05	31	19	0
HolgerJeromin	2011-02-06	542	445	1
HolgerJeromin	2011-05-26	57	50	0
HolgerJeromin	2012-01-16	60	14	0
HolgerJeromin	2012-01-17	4	0	0
HolgerJeromin	2012-11-19	1	0	0
Jack Pham	2013-10-17	2	2	0
Jake Strine	2014-08-18	1	0	0
Joe E	2014-04-17	109	94	0
Joseph OLINGA	2014-05-22	1	0	0
JulienBalas	2014-07-14	78	0	0
LA2	2007-04-24	1	1	1
Leonard Kouoh	2013-08-07	32	32	0
Lutino	2012-11-23	104	104	0
MATAGNE	2014-10-25	4	4	0
MATAGNE	2014-11-08	127	77	0
Marcelj3	2014-08-03	42	31	0
Marta Pucciarelli	2012-12-07	8	5	0
Marta Pucciarelli	2012-12-11	1	1	0
MichaelCollinson	2008-11-05	1	0	0
Muller28	2014-08-05	13	13	0
Numeris plus	2010-05-28	1	0	0
OSMF Redaction Account	2012-07-20	1	0	0
Offtaps	2013-12-13	2	2	0
PHerison	2011-01-07	76	28	0
PHerison	2011-01-08	213	89	0
Patrick Bous	2014-08-25	24	0	0
Peter14	2013-12-14	5	0	0
Peter14	2013-12-18	4	0	0
Peter14	2013-12-21	1	0	0
Peter14	2013-12-22	2	0	0
Peter14	2013-12-25	7	2	0
Peter14	2013-12-29	1	0	0
Peter14	2013-12-31	1	0	0
Peter14	2014-01-04	21	1	0
Peter14	2014-05-20	5	0	0
Pierre TOUZARD	2011-06-30	7	4	0
Pierre TOUZARD	2013-02-10	3	3	1
R GUILBERT	2014-03-24	3	1	0
RR81	2012-07-12	312	230	0
RR81	2012-07-24	727	588	0
RatZillaS	2012-02-04	38	21	0
RoadGeek_MD99	2012-10-23	10	3	0
Rub21	2014-07-14	1	1	0
SOGEFI	2014-01-01	13	9	0
SOGEFI	2014-04-28	33	33	0
SOGEFI	2014-06-14	29	23	0
SOGEFI	2014-06-18	89	69	3
SOGEFI	2014-07-31	4	0	0
SOGEFI	2014-08-08	4	4	0
SOGEFI	2014-08-17	179394	179296	0
SOGEFI	2014-08-18	42000	42000	0
SOGEFI	2014-08-21	10000	10000	0
SOGEFI	2014-08-22	186490	186490	0
SOGEFI	2014-08-23	263511	263511	0
SOGEFI	2014-08-24	336407	336407	0
SOGEFI	2014-08-25	253338	253338	0
SOGEFI	2014-08-26	378465	378465	0
SOGEFI	2014-08-27	279324	279324	4
SOGEFI	2014-08-28	229049	229049	2
SOGEFI	2014-08-29	66338	66338	0
SOGEFI	2014-08-31	116752	116592	0
SOGEFI	2014-09-01	295135	295135	0
SOGEFI	2014-09-02	236256	236115	3
SOGEFI	2014-09-12	128	35	0
SOGEFI	2014-09-13	1866	1498	0
SOGEFI	2014-09-24	150	26	0
SOGEFI	2014-10-10	605	474	0
SOGEFI	2014-11-07	34	21	2
SOGEFI	2014-11-08	18	2	0
SOGEFI	2014-11-13	44	30	0
Sergeo14	2014-03-31	7	7	0
Serpens	2014-04-02	1	0	0
Serpens	2014-04-03	1	0	0
Serpens	2014-12-29	1	0	0
Serpens	2015-01-02	1	0	0
Skywave	2008-01-26	1	0	0
Trizek	2014-05-13	27	27	0
africanway	2013-11-04	1	1	0
allo35	2013-02-15	1	1	0
amillar	2009-06-01	3	2	1
andygol	2014-12-18	1	0	0
bahnpirat	2011-04-10	35	30	0
beweta	2013-08-10	1	0	0
christal	2010-08-29	25	1	0
christal	2010-09-01	67	14	0
christal	2010-09-04	1079	47	0
christal	2010-09-05	10	8	0
christal	2010-09-14	124	86	0
christal	2010-09-15	1	0	0
christal	2010-09-24	235	69	1
christal	2010-10-19	32	8	0
claude wolf	2013-08-23	1	1	0
dikoumearchimede	2013-07-30	4	4	0
doual'art	2011-12-30	1	1	0
doual'art	2012-01-03	1	1	0
doualart	2011-06-07	13	2	0
doualart	2011-06-24	10	5	0
doualart	2012-03-05	2	1	0
ekoulemaneng	2012-08-27	1	1	0
forge24	2012-01-05	159	28	0
gilcdmba	2010-08-03	2	2	0
iopensa	2014-07-24	261	259	0
ivission	2014-05-10	3	1	0
jean vaillant	2013-03-15	3	3	0
jean vaillant	2013-03-19	1	0	0
jean vaillant	2013-11-30	8	7	0
katpatuka	2009-01-11	44	40	19
katpatuka	2010-09-28	112	21	0
kleptog	2008-01-07	21	19	15
kr12	2013-03-12	781	450	0
makongo	2011-03-25	12	11	0
mapwitch	2011-11-21	11	10	0
mapwitch	2012-01-31	121	112	2
mapwitch	2012-11-12	2	2	1
marek kleciak	2013-03-26	276	205	0
masti	2013-04-11	1	0	0
mathurin	2014-09-12	9	9	0
mathurin	2014-09-17	19011	19011	2
mdp553	2010-01-25	153	153	3
meppen7	2013-02-26	3	2	0
meppen7	2013-03-01	40	21	0
muetho	2009-07-23	1	1	0
muetho	2010-10-28	5	5	0
myscode	2013-01-11	1	0	0
mzve	2012-01-06	206	187	13
mzve	2012-01-07	3	1	0
mzve	2012-01-08	1	1	0
mzve	2012-01-13	189	101	3
nhoffm	2008-04-13	154	153	37
nolfj	2014-06-14	41	41	0
nubarron	2013-03-25	1	0	0
nubarron	2013-04-17	11	11	0
parukhin	2011-09-27	3	0	0
philmas	2010-05-13	18484	18484	206
philmas	2010-05-16	1	1	0
philmas	2010-06-02	1	1	0
philmas	2014-12-28	1	1	0
phono	2010-12-07	134	129	0
pnorman_mechanical	2014-07-31	78	0	0
pnorman_mechanical	2014-08-08	78	0	0
pschonmann	2012-12-09	3	0	0
rabenkind	2011-01-08	2	1	0
rabenkind	2011-01-09	18	11	0
salix01	2013-11-20	15	9	0
skobbler	2012-10-24	1	0	0
sobzeros	2011-07-10	1260	144	0
sobzeros	2012-01-23	61	61	0
sobzeros	2012-06-21	1705	1554	0
sobzeros	2013-02-20	11	9	0
sobzeros	2014-08-23	8	8	0
sobzeros	2014-08-27	107	0	0
sobzeros	2014-08-28	112	66	0
sobzeros	2014-09-03	341	271	0
sobzeros	2014-12-27	96	83	0
tavmap	2008-03-01	8	8	6
tavmap	2008-03-02	1	0	0
tavmap	2008-03-09	2	2	2
tavmap	2008-03-12	2	1	1
tavmap	2008-03-19	1	0	0
theonlytruth	2012-06-27	25	0	0
theophrastos	2010-11-28	1	0	0
tomrrr	2013-12-07	1	0	0
tomrrr	2014-01-03	39	39	0
venerdi	2014-03-09	21	4	0
vheim	2009-05-16	468	462	35
vialma	2013-11-26	17	15	0
wandsecacher	2013-03-20	2	0	0
werner2101	2011-01-08	2	0	0
werner2101	2011-01-09	1	0	0
willyeno	2010-09-04	33	33	0
woodpeck_repair	2012-12-11	3	0	0
xybot	2011-01-19	1	0	0
zaizone	2013-06-10	1	1	0
zaizone	2013-07-02	1090	380	0
zaizone	2013-07-10	1081	445	0
zaizone	2013-07-11	3894	1948	0
zaizone	2013-07-13	204	178	0
zaizone	2013-07-14	1502	1188	0
zaizone	2013-07-15	177	130	0
zaizone	2013-07-16	1867	1579	1
zaizone	2014-11-26	236	210	10
zaizone	2014-11-28	120	83	1
zaizone	2015-01-15	89	86	0
zebaze	2013-03-27	75	58	0
